,ctrl,pert,ctrl_probability,pert_probability,ctrl_confidence,pert_confidence,overall_confidence,model_used
4,0,1,0.0185734987448521,0.9814265012551479,0.9628530025102958,0.9628530025102957,0.9628530025102957,gradient_boosting_multilabel
53,0,1,0.0185734987448521,0.9814265012551479,0.9628530025102958,0.9628530025102957,0.9628530025102957,gradient_boosting_multilabel
83,0,1,0.0185734987448521,0.9814265012551479,0.9628530025102958,0.9628530025102957,0.9628530025102957,gradient_boosting_multilabel
97,0,1,0.0185734987448521,0.9814265012551479,0.9628530025102958,0.9628530025102957,0.9628530025102957,gradient_boosting_multilabel
149,0,1,0.0185734987448521,0.9814265012551479,0.9628530025102958,0.9628530025102957,0.9628530025102957,gradient_boosting_multilabel
159,0,1,0.0185734987448521,0.9814265012551479,0.9628530025102958,0.9628530025102957,0.9628530025102957,gradient_boosting_multilabel
169,0,1,0.0185734987448521,0.9814265012551479,0.9628530025102958,0.9628530025102957,0.9628530025102957,gradient_boosting_multilabel
191,0,1,0.0185734987448521,0.9814265012551479,0.9628530025102958,0.9628530025102957,0.9628530025102957,gradient_boosting_multilabel
201,0,1,0.0185734987448521,0.9814265012551479,0.9628530025102958,0.9628530025102957,0.9628530025102957,gradient_boosting_multilabel
210,0,1,0.0185734987448521,0.9814265012551479,0.9628530025102958,0.9628530025102957,0.9628530025102957,gradient_boosting_multilabel
220,0,1,0.0185734987448521,0.9814265012551479,0.9628530025102958,0.9628530025102957,0.9628530025102957,gradient_boosting_multilabel
240,0,1,0.0185734987448521,0.9814265012551479,0.9628530025102958,0.9628530025102957,0.9628530025102957,gradient_boosting_multilabel
294,0,1,0.0185734987448521,0.9814265012551479,0.9628530025102958,0.9628530025102957,0.9628530025102957,gradient_boosting_multilabel
295,0,1,0.04350493503940371,0.9564950649605963,0.9129901299211926,0.9129901299211927,0.9129901299211926,gradient_boosting_multilabel
624,0,1,0.0185734987448521,0.9814265012551479,0.9628530025102958,0.9628530025102957,0.9628530025102957,gradient_boosting_multilabel
633,0,1,0.0185734987448521,0.9814265012551479,0.9628530025102958,0.9628530025102957,0.9628530025102957,gradient_boosting_multilabel
693,0,1,0.0185734987448521,0.9814265012551479,0.9628530025102958,0.9628530025102957,0.9628530025102957,gradient_boosting_multilabel
698,0,1,0.0185734987448521,0.9814265012551479,0.9628530025102958,0.9628530025102957,0.9628530025102957,gradient_boosting_multilabel
737,0,1,0.0185734987448521,0.9814265012551479,0.9628530025102958,0.9628530025102957,0.9628530025102957,gradient_boosting_multilabel
761,0,1,0.0185734987448521,0.9814265012551479,0.9628530025102958,0.9628530025102957,0.9628530025102957,gradient_boosting_multilabel
800,0,1,0.0185734987448521,0.9814265012551479,0.9628530025102958,0.9628530025102957,0.9628530025102957,gradient_boosting_multilabel
801,0,1,0.04350493503940371,0.9564950649605963,0.9129901299211926,0.9129901299211927,0.9129901299211926,gradient_boosting_multilabel
838,0,1,0.0185734987448521,0.9814265012551479,0.9628530025102958,0.9628530025102957,0.9628530025102957,gradient_boosting_multilabel
843,0,1,0.0185734987448521,0.9814265012551479,0.9628530025102958,0.9628530025102957,0.9628530025102957,gradient_boosting_multilabel
876,0,1,0.0185734987448521,0.9814265012551479,0.9628530025102958,0.9628530025102957,0.9628530025102957,gradient_boosting_multilabel
895,0,1,0.0185734987448521,0.9814265012551479,0.9628530025102958,0.9628530025102957,0.9628530025102957,gradient_boosting_multilabel
923,0,1,0.0185734987448521,0.9814265012551479,0.9628530025102958,0.9628530025102957,0.9628530025102957,gradient_boosting_multilabel
965,0,1,0.0185734987448521,0.9814265012551479,0.9628530025102958,0.9628530025102957,0.9628530025102957,gradient_boosting_multilabel
1011,0,1,0.0185734987448521,0.9814265012551479,0.9628530025102958,0.9628530025102957,0.9628530025102957,gradient_boosting_multilabel
1058,0,1,0.0185734987448521,0.9814265012551479,0.9628530025102958,0.9628530025102957,0.9628530025102957,gradient_boosting_multilabel
1068,0,1,0.0185734987448521,0.9814265012551479,0.9628530025102958,0.9628530025102957,0.9628530025102957,gradient_boosting_multilabel
1083,0,1,0.0185734987448521,0.9814265012551479,0.9628530025102958,0.9628530025102957,0.9628530025102957,gradient_boosting_multilabel
1097,0,1,0.0185734987448521,0.9814265012551479,0.9628530025102958,0.9628530025102957,0.9628530025102957,gradient_boosting_multilabel
1115,0,1,0.0185734987448521,0.9814265012551479,0.9628530025102958,0.9628530025102957,0.9628530025102957,gradient_boosting_multilabel
1139,0,1,0.0185734987448521,0.9814265012551479,0.9628530025102958,0.9628530025102957,0.9628530025102957,gradient_boosting_multilabel
1144,0,1,0.0185734987448521,0.9814265012551479,0.9628530025102958,0.9628530025102957,0.9628530025102957,gradient_boosting_multilabel
1220,0,1,0.0185734987448521,0.9814265012551479,0.9628530025102958,0.9628530025102957,0.9628530025102957,gradient_boosting_multilabel
1259,0,1,0.0185734987448521,0.9814265012551479,0.9628530025102958,0.9628530025102957,0.9628530025102957,gradient_boosting_multilabel
1323,0,1,0.0185734987448521,0.9814265012551479,0.9628530025102958,0.9628530025102957,0.9628530025102957,gradient_boosting_multilabel
1324,0,1,0.04350493503940371,0.9564950649605963,0.9129901299211926,0.9129901299211927,0.9129901299211926,gradient_boosting_multilabel
1332,0,1,0.0185734987448521,0.9814265012551479,0.9628530025102958,0.9628530025102957,0.9628530025102957,gradient_boosting_multilabel
1368,0,1,0.0185734987448521,0.9814265012551479,0.9628530025102958,0.9628530025102957,0.9628530025102957,gradient_boosting_multilabel
1377,0,1,0.0185734987448521,0.9814265012551479,0.9628530025102958,0.9628530025102957,0.9628530025102957,gradient_boosting_multilabel
1385,0,1,0.0185734987448521,0.9814265012551479,0.9628530025102958,0.9628530025102957,0.9628530025102957,gradient_boosting_multilabel
1400,0,1,0.0185734987448521,0.9814265012551479,0.9628530025102958,0.9628530025102957,0.9628530025102957,gradient_boosting_multilabel
1622,0,1,0.0185734987448521,0.9814265012551479,0.9628530025102958,0.9628530025102957,0.9628530025102957,gradient_boosting_multilabel
1686,0,1,0.0185734987448521,0.9814265012551479,0.9628530025102958,0.9628530025102957,0.9628530025102957,gradient_boosting_multilabel
1740,0,1,0.0185734987448521,0.9814265012551479,0.9628530025102958,0.9628530025102957,0.9628530025102957,gradient_boosting_multilabel
1769,0,1,0.0185734987448521,0.9814265012551479,0.9628530025102958,0.9628530025102957,0.9628530025102957,gradient_boosting_multilabel
1808,0,1,0.0185734987448521,0.9814265012551479,0.9628530025102958,0.9628530025102957,0.9628530025102957,gradient_boosting_multilabel
1840,0,1,0.0185734987448521,0.9814265012551479,0.9628530025102958,0.9628530025102957,0.9628530025102957,gradient_boosting_multilabel
1872,0,1,0.0185734987448521,0.9814265012551479,0.9628530025102958,0.9628530025102957,0.9628530025102957,gradient_boosting_multilabel
1873,0,1,0.04350493503940371,0.9564950649605963,0.9129901299211926,0.9129901299211927,0.9129901299211926,gradient_boosting_multilabel
1878,0,1,0.0185734987448521,0.9814265012551479,0.9628530025102958,0.9628530025102957,0.9628530025102957,gradient_boosting_multilabel
1879,0,1,0.04350493503940371,0.9564950649605963,0.9129901299211926,0.9129901299211927,0.9129901299211926,gradient_boosting_multilabel
1923,0,1,0.0185734987448521,0.9814265012551479,0.9628530025102958,0.9628530025102957,0.9628530025102957,gradient_boosting_multilabel
2137,0,1,0.0185734987448521,0.9814265012551479,0.9628530025102958,0.9628530025102957,0.9628530025102957,gradient_boosting_multilabel
2151,0,1,0.0185734987448521,0.9814265012551479,0.9628530025102958,0.9628530025102957,0.9628530025102957,gradient_boosting_multilabel
2173,0,1,0.0185734987448521,0.9814265012551479,0.9628530025102958,0.9628530025102957,0.9628530025102957,gradient_boosting_multilabel
2209,0,1,0.0185734987448521,0.9814265012551479,0.9628530025102958,0.9628530025102957,0.9628530025102957,gradient_boosting_multilabel
2214,0,1,0.0185734987448521,0.9814265012551479,0.9628530025102958,0.9628530025102957,0.9628530025102957,gradient_boosting_multilabel
2219,0,1,0.0185734987448521,0.9814265012551479,0.9628530025102958,0.9628530025102957,0.9628530025102957,gradient_boosting_multilabel
2239,0,1,0.0185734987448521,0.9814265012551479,0.9628530025102958,0.9628530025102957,0.9628530025102957,gradient_boosting_multilabel
2254,0,1,0.0185734987448521,0.9814265012551479,0.9628530025102958,0.9628530025102957,0.9628530025102957,gradient_boosting_multilabel
2259,0,1,0.0185734987448521,0.9814265012551479,0.9628530025102958,0.9628530025102957,0.9628530025102957,gradient_boosting_multilabel
2272,0,1,0.0185734987448521,0.9814265012551479,0.9628530025102958,0.9628530025102957,0.9628530025102957,gradient_boosting_multilabel
2336,0,1,0.0185734987448521,0.9814265012551479,0.9628530025102958,0.9628530025102957,0.9628530025102957,gradient_boosting_multilabel
2355,0,1,0.0185734987448521,0.9814265012551479,0.9628530025102958,0.9628530025102957,0.9628530025102957,gradient_boosting_multilabel
2365,0,1,0.0185734987448521,0.9814265012551479,0.9628530025102958,0.9628530025102957,0.9628530025102957,gradient_boosting_multilabel
2412,0,1,0.0185734987448521,0.9814265012551479,0.9628530025102958,0.9628530025102957,0.9628530025102957,gradient_boosting_multilabel
2475,0,1,0.0185734987448521,0.9814265012551479,0.9628530025102958,0.9628530025102957,0.9628530025102957,gradient_boosting_multilabel
2483,0,1,0.0185734987448521,0.9814265012551479,0.9628530025102958,0.9628530025102957,0.9628530025102957,gradient_boosting_multilabel
2511,0,1,0.0185734987448521,0.9814265012551479,0.9628530025102958,0.9628530025102957,0.9628530025102957,gradient_boosting_multilabel
2536,0,1,0.0185734987448521,0.9814265012551479,0.9628530025102958,0.9628530025102957,0.9628530025102957,gradient_boosting_multilabel
2548,0,1,0.0185734987448521,0.9814265012551479,0.9628530025102958,0.9628530025102957,0.9628530025102957,gradient_boosting_multilabel
2553,0,1,0.0185734987448521,0.9814265012551479,0.9628530025102958,0.9628530025102957,0.9628530025102957,gradient_boosting_multilabel
2565,0,1,0.0185734987448521,0.9814265012551479,0.9628530025102958,0.9628530025102957,0.9628530025102957,gradient_boosting_multilabel
2566,0,1,0.04350493503940371,0.9564950649605963,0.9129901299211926,0.9129901299211927,0.9129901299211926,gradient_boosting_multilabel
3265,0,1,0.0185734987448521,0.9814265012551479,0.9628530025102958,0.9628530025102957,0.9628530025102957,gradient_boosting_multilabel
3289,0,1,0.0185734987448521,0.9814265012551479,0.9628530025102958,0.9628530025102957,0.9628530025102957,gradient_boosting_multilabel
3299,0,1,0.0185734987448521,0.9814265012551479,0.9628530025102958,0.9628530025102957,0.9628530025102957,gradient_boosting_multilabel
3304,0,1,0.0185734987448521,0.9814265012551479,0.9628530025102958,0.9628530025102957,0.9628530025102957,gradient_boosting_multilabel
3376,0,1,0.0185734987448521,0.9814265012551479,0.9628530025102958,0.9628530025102957,0.9628530025102957,gradient_boosting_multilabel
3390,0,1,0.0185734987448521,0.9814265012551479,0.9628530025102958,0.9628530025102957,0.9628530025102957,gradient_boosting_multilabel
3720,0,1,0.0185734987448521,0.9814265012551479,0.9628530025102958,0.9628530025102957,0.9628530025102957,gradient_boosting_multilabel
4123,0,1,0.0185734987448521,0.9814265012551479,0.9628530025102958,0.9628530025102957,0.9628530025102957,gradient_boosting_multilabel
4138,0,1,0.0185734987448521,0.9814265012551479,0.9628530025102958,0.9628530025102957,0.9628530025102957,gradient_boosting_multilabel
4143,0,1,0.0185734987448521,0.9814265012551479,0.9628530025102958,0.9628530025102957,0.9628530025102957,gradient_boosting_multilabel
4233,0,1,0.0185734987448521,0.9814265012551479,0.9628530025102958,0.9628530025102957,0.9628530025102957,gradient_boosting_multilabel
4279,0,1,0.0185734987448521,0.9814265012551479,0.9628530025102958,0.9628530025102957,0.9628530025102957,gradient_boosting_multilabel
4289,0,1,0.0185734987448521,0.9814265012551479,0.9628530025102958,0.9628530025102957,0.9628530025102957,gradient_boosting_multilabel
4298,0,1,0.0185734987448521,0.9814265012551479,0.9628530025102958,0.9628530025102957,0.9628530025102957,gradient_boosting_multilabel
4320,0,1,0.0185734987448521,0.9814265012551479,0.9628530025102958,0.9628530025102957,0.9628530025102957,gradient_boosting_multilabel
4335,0,1,0.0185734987448521,0.9814265012551479,0.9628530025102958,0.9628530025102957,0.9628530025102957,gradient_boosting_multilabel
4336,0,1,0.04350493503940371,0.9564950649605963,0.9129901299211926,0.9129901299211927,0.9129901299211926,gradient_boosting_multilabel
4384,0,1,0.0185734987448521,0.9814265012551479,0.9628530025102958,0.9628530025102957,0.9628530025102957,gradient_boosting_multilabel
4389,0,1,0.0185734987448521,0.9814265012551479,0.9628530025102958,0.9628530025102957,0.9628530025102957,gradient_boosting_multilabel
4404,0,1,0.0185734987448521,0.9814265012551479,0.9628530025102958,0.9628530025102957,0.9628530025102957,gradient_boosting_multilabel
4413,0,1,0.0185734987448521,0.9814265012551479,0.9628530025102958,0.9628530025102957,0.9628530025102957,gradient_boosting_multilabel
4609,0,1,0.0185734987448521,0.9814265012551479,0.9628530025102958,0.9628530025102957,0.9628530025102957,gradient_boosting_multilabel
4619,0,1,0.0185734987448521,0.9814265012551479,0.9628530025102958,0.9628530025102957,0.9628530025102957,gradient_boosting_multilabel
4620,0,1,0.04350493503940371,0.9564950649605963,0.9129901299211926,0.9129901299211927,0.9129901299211926,gradient_boosting_multilabel
4891,0,1,0.0185734987448521,0.9814265012551479,0.9628530025102958,0.9628530025102957,0.9628530025102957,gradient_boosting_multilabel
4933,0,1,0.0185734987448521,0.9814265012551479,0.9628530025102958,0.9628530025102957,0.9628530025102957,gradient_boosting_multilabel
4943,0,1,0.0185734987448521,0.9814265012551479,0.9628530025102958,0.9628530025102957,0.9628530025102957,gradient_boosting_multilabel
4944,0,1,0.04350493503940371,0.9564950649605963,0.9129901299211926,0.9129901299211927,0.9129901299211926,gradient_boosting_multilabel
5001,0,1,0.0185734987448521,0.9814265012551479,0.9628530025102958,0.9628530025102957,0.9628530025102957,gradient_boosting_multilabel
5006,0,1,0.0185734987448521,0.9814265012551479,0.9628530025102958,0.9628530025102957,0.9628530025102957,gradient_boosting_multilabel
5078,0,1,0.0185734987448521,0.9814265012551479,0.9628530025102958,0.9628530025102957,0.9628530025102957,gradient_boosting_multilabel
5083,0,1,0.0185734987448521,0.9814265012551479,0.9628530025102958,0.9628530025102957,0.9628530025102957,gradient_boosting_multilabel
5090,0,1,0.0185734987448521,0.9814265012551479,0.9628530025102958,0.9628530025102957,0.9628530025102957,gradient_boosting_multilabel
5105,0,1,0.0185734987448521,0.9814265012551479,0.9628530025102958,0.9628530025102957,0.9628530025102957,gradient_boosting_multilabel
5115,0,1,0.0185734987448521,0.9814265012551479,0.9628530025102958,0.9628530025102957,0.9628530025102957,gradient_boosting_multilabel
5116,0,1,0.04350493503940371,0.9564950649605963,0.9129901299211926,0.9129901299211927,0.9129901299211926,gradient_boosting_multilabel
5148,0,1,0.0185734987448521,0.9814265012551479,0.9628530025102958,0.9628530025102957,0.9628530025102957,gradient_boosting_multilabel
5152,0,1,0.010422220330583596,0.9895777796694164,0.9791555593388328,0.9791555593388328,0.9791555593388328,gradient_boosting_multilabel
5157,0,1,0.0185734987448521,0.9814265012551479,0.9628530025102958,0.9628530025102957,0.9628530025102957,gradient_boosting_multilabel
5162,0,1,0.0185734987448521,0.9814265012551479,0.9628530025102958,0.9628530025102957,0.9628530025102957,gradient_boosting_multilabel
5163,0,1,0.04350493503940371,0.9564950649605963,0.9129901299211926,0.9129901299211927,0.9129901299211926,gradient_boosting_multilabel
5175,0,1,0.0185734987448521,0.9814265012551479,0.9628530025102958,0.9628530025102957,0.9628530025102957,gradient_boosting_multilabel
5245,0,1,0.0185734987448521,0.9814265012551479,0.9628530025102958,0.9628530025102957,0.9628530025102957,gradient_boosting_multilabel
5260,0,1,0.0185734987448521,0.9814265012551479,0.9628530025102958,0.9628530025102957,0.9628530025102957,gradient_boosting_multilabel
5269,0,1,0.0185734987448521,0.9814265012551479,0.9628530025102958,0.9628530025102957,0.9628530025102957,gradient_boosting_multilabel
5279,0,1,0.0185734987448521,0.9814265012551479,0.9628530025102958,0.9628530025102957,0.9628530025102957,gradient_boosting_multilabel
5341,0,1,0.0185734987448521,0.9814265012551479,0.9628530025102958,0.9628530025102957,0.9628530025102957,gradient_boosting_multilabel
5600,0,1,0.0185734987448521,0.9814265012551479,0.9628530025102958,0.9628530025102957,0.9628530025102957,gradient_boosting_multilabel
5909,0,1,0.0185734987448521,0.9814265012551479,0.9628530025102958,0.9628530025102957,0.9628530025102957,gradient_boosting_multilabel
6024,0,1,0.0185734987448521,0.9814265012551479,0.9628530025102958,0.9628530025102957,0.9628530025102957,gradient_boosting_multilabel
6081,0,1,0.0185734987448521,0.9814265012551479,0.9628530025102958,0.9628530025102957,0.9628530025102957,gradient_boosting_multilabel
6115,0,1,0.0185734987448521,0.9814265012551479,0.9628530025102958,0.9628530025102957,0.9628530025102957,gradient_boosting_multilabel
6120,0,1,0.0185734987448521,0.9814265012551479,0.9628530025102958,0.9628530025102957,0.9628530025102957,gradient_boosting_multilabel
6121,0,1,0.04350493503940371,0.9564950649605963,0.9129901299211926,0.9129901299211927,0.9129901299211926,gradient_boosting_multilabel
6145,0,1,0.0185734987448521,0.9814265012551479,0.9628530025102958,0.9628530025102957,0.9628530025102957,gradient_boosting_multilabel
6191,0,1,0.0185734987448521,0.9814265012551479,0.9628530025102958,0.9628530025102957,0.9628530025102957,gradient_boosting_multilabel
6196,0,1,0.0185734987448521,0.9814265012551479,0.9628530025102958,0.9628530025102957,0.9628530025102957,gradient_boosting_multilabel
6201,0,1,0.0185734987448521,0.9814265012551479,0.9628530025102958,0.9628530025102957,0.9628530025102957,gradient_boosting_multilabel
6230,0,1,0.0185734987448521,0.9814265012551479,0.9628530025102958,0.9628530025102957,0.9628530025102957,gradient_boosting_multilabel
6267,0,1,0.0185734987448521,0.9814265012551479,0.9628530025102958,0.9628530025102957,0.9628530025102957,gradient_boosting_multilabel
6282,0,1,0.0185734987448521,0.9814265012551479,0.9628530025102958,0.9628530025102957,0.9628530025102957,gradient_boosting_multilabel
6305,0,1,0.0185734987448521,0.9814265012551479,0.9628530025102958,0.9628530025102957,0.9628530025102957,gradient_boosting_multilabel
6343,0,1,0.0185734987448521,0.9814265012551479,0.9628530025102958,0.9628530025102957,0.9628530025102957,gradient_boosting_multilabel
6403,0,1,0.0185734987448521,0.9814265012551479,0.9628530025102958,0.9628530025102957,0.9628530025102957,gradient_boosting_multilabel
6408,0,1,0.0185734987448521,0.9814265012551479,0.9628530025102958,0.9628530025102957,0.9628530025102957,gradient_boosting_multilabel
6469,0,1,0.0185734987448521,0.9814265012551479,0.9628530025102958,0.9628530025102957,0.9628530025102957,gradient_boosting_multilabel
6479,0,1,0.0185734987448521,0.9814265012551479,0.9628530025102958,0.9628530025102957,0.9628530025102957,gradient_boosting_multilabel
6493,0,1,0.0185734987448521,0.9814265012551479,0.9628530025102958,0.9628530025102957,0.9628530025102957,gradient_boosting_multilabel
6516,0,1,0.0185734987448521,0.9814265012551479,0.9628530025102958,0.9628530025102957,0.9628530025102957,gradient_boosting_multilabel
6517,0,1,0.04350493503940371,0.9564950649605963,0.9129901299211926,0.9129901299211927,0.9129901299211926,gradient_boosting_multilabel
6598,0,1,0.0185734987448521,0.9814265012551479,0.9628530025102958,0.9628530025102957,0.9628530025102957,gradient_boosting_multilabel
6683,0,1,0.0185734987448521,0.9814265012551479,0.9628530025102958,0.9628530025102957,0.9628530025102957,gradient_boosting_multilabel
6709,0,1,0.0185734987448521,0.9814265012551479,0.9628530025102958,0.9628530025102957,0.9628530025102957,gradient_boosting_multilabel
6719,0,1,0.0185734987448521,0.9814265012551479,0.9628530025102958,0.9628530025102957,0.9628530025102957,gradient_boosting_multilabel
6729,0,1,0.0185734987448521,0.9814265012551479,0.9628530025102958,0.9628530025102957,0.9628530025102957,gradient_boosting_multilabel
6730,0,1,0.04350493503940371,0.9564950649605963,0.9129901299211926,0.9129901299211927,0.9129901299211926,gradient_boosting_multilabel
6763,0,1,0.0185734987448521,0.9814265012551479,0.9628530025102958,0.9628530025102957,0.9628530025102957,gradient_boosting_multilabel
6783,0,1,0.0185734987448521,0.9814265012551479,0.9628530025102958,0.9628530025102957,0.9628530025102957,gradient_boosting_multilabel
6826,0,1,0.0185734987448521,0.9814265012551479,0.9628530025102958,0.9628530025102957,0.9628530025102957,gradient_boosting_multilabel
6838,0,1,0.0185734987448521,0.9814265012551479,0.9628530025102958,0.9628530025102957,0.9628530025102957,gradient_boosting_multilabel
6860,0,1,0.0185734987448521,0.9814265012551479,0.9628530025102958,0.9628530025102957,0.9628530025102957,gradient_boosting_multilabel
6881,0,1,0.0185734987448521,0.9814265012551479,0.9628530025102958,0.9628530025102957,0.9628530025102957,gradient_boosting_multilabel
6937,0,1,0.0185734987448521,0.9814265012551479,0.9628530025102958,0.9628530025102957,0.9628530025102957,gradient_boosting_multilabel
6984,0,1,0.0185734987448521,0.9814265012551479,0.9628530025102958,0.9628530025102957,0.9628530025102957,gradient_boosting_multilabel
7047,0,1,0.0185734987448521,0.9814265012551479,0.9628530025102958,0.9628530025102957,0.9628530025102957,gradient_boosting_multilabel
7068,0,1,0.0185734987448521,0.9814265012551479,0.9628530025102958,0.9628530025102957,0.9628530025102957,gradient_boosting_multilabel
7078,0,1,0.0185734987448521,0.9814265012551479,0.9628530025102958,0.9628530025102957,0.9628530025102957,gradient_boosting_multilabel
7079,0,1,0.04350493503940371,0.9564950649605963,0.9129901299211926,0.9129901299211927,0.9129901299211926,gradient_boosting_multilabel
7088,0,1,0.0185734987448521,0.9814265012551479,0.9628530025102958,0.9628530025102957,0.9628530025102957,gradient_boosting_multilabel
7162,0,1,0.0185734987448521,0.9814265012551479,0.9628530025102958,0.9628530025102957,0.9628530025102957,gradient_boosting_multilabel
7163,0,1,0.04350493503940371,0.9564950649605963,0.9129901299211926,0.9129901299211927,0.9129901299211926,gradient_boosting_multilabel
7178,0,1,0.0185734987448521,0.9814265012551479,0.9628530025102958,0.9628530025102957,0.9628530025102957,gradient_boosting_multilabel
7188,0,1,0.0185734987448521,0.9814265012551479,0.9628530025102958,0.9628530025102957,0.9628530025102957,gradient_boosting_multilabel
7263,0,1,0.0185734987448521,0.9814265012551479,0.9628530025102958,0.9628530025102957,0.9628530025102957,gradient_boosting_multilabel
7273,0,1,0.0185734987448521,0.9814265012551479,0.9628530025102958,0.9628530025102957,0.9628530025102957,gradient_boosting_multilabel
7341,0,1,0.0185734987448521,0.9814265012551479,0.9628530025102958,0.9628530025102957,0.9628530025102957,gradient_boosting_multilabel
7573,0,1,0.0185734987448521,0.9814265012551479,0.9628530025102958,0.9628530025102957,0.9628530025102957,gradient_boosting_multilabel
7574,0,1,0.04350493503940371,0.9564950649605963,0.9129901299211926,0.9129901299211927,0.9129901299211926,gradient_boosting_multilabel
7656,0,1,0.0185734987448521,0.9814265012551479,0.9628530025102958,0.9628530025102957,0.9628530025102957,gradient_boosting_multilabel
7661,0,1,0.0185734987448521,0.9814265012551479,0.9628530025102958,0.9628530025102957,0.9628530025102957,gradient_boosting_multilabel
7676,0,1,0.0185734987448521,0.9814265012551479,0.9628530025102958,0.9628530025102957,0.9628530025102957,gradient_boosting_multilabel
7943,0,1,0.0185734987448521,0.9814265012551479,0.9628530025102958,0.9628530025102957,0.9628530025102957,gradient_boosting_multilabel
7952,0,1,0.0185734987448521,0.9814265012551479,0.9628530025102958,0.9628530025102957,0.9628530025102957,gradient_boosting_multilabel
7957,0,1,0.0185734987448521,0.9814265012551479,0.9628530025102958,0.9628530025102957,0.9628530025102957,gradient_boosting_multilabel
7990,0,1,0.0185734987448521,0.9814265012551479,0.9628530025102958,0.9628530025102957,0.9628530025102957,gradient_boosting_multilabel
8022,0,1,0.0185734987448521,0.9814265012551479,0.9628530025102958,0.9628530025102957,0.9628530025102957,gradient_boosting_multilabel
8032,0,1,0.0185734987448521,0.9814265012551479,0.9628530025102958,0.9628530025102957,0.9628530025102957,gradient_boosting_multilabel
8037,0,1,0.0185734987448521,0.9814265012551479,0.9628530025102958,0.9628530025102957,0.9628530025102957,gradient_boosting_multilabel
8042,0,1,0.0185734987448521,0.9814265012551479,0.9628530025102958,0.9628530025102957,0.9628530025102957,gradient_boosting_multilabel
8050,0,1,0.0185734987448521,0.9814265012551479,0.9628530025102958,0.9628530025102957,0.9628530025102957,gradient_boosting_multilabel
8112,0,1,0.0185734987448521,0.9814265012551479,0.9628530025102958,0.9628530025102957,0.9628530025102957,gradient_boosting_multilabel
8126,0,1,0.0185734987448521,0.9814265012551479,0.9628530025102958,0.9628530025102957,0.9628530025102957,gradient_boosting_multilabel
8150,0,1,0.0185734987448521,0.9814265012551479,0.9628530025102958,0.9628530025102957,0.9628530025102957,gradient_boosting_multilabel
8182,0,1,0.0185734987448521,0.9814265012551479,0.9628530025102958,0.9628530025102957,0.9628530025102957,gradient_boosting_multilabel
8357,0,1,0.0185734987448521,0.9814265012551479,0.9628530025102958,0.9628530025102957,0.9628530025102957,gradient_boosting_multilabel
8362,0,1,0.0185734987448521,0.9814265012551479,0.9628530025102958,0.9628530025102957,0.9628530025102957,gradient_boosting_multilabel
8410,0,1,0.0185734987448521,0.9814265012551479,0.9628530025102958,0.9628530025102957,0.9628530025102957,gradient_boosting_multilabel
8450,0,1,0.0185734987448521,0.9814265012551479,0.9628530025102958,0.9628530025102957,0.9628530025102957,gradient_boosting_multilabel
8455,0,1,0.0185734987448521,0.9814265012551479,0.9628530025102958,0.9628530025102957,0.9628530025102957,gradient_boosting_multilabel
8473,0,1,0.0185734987448521,0.9814265012551479,0.9628530025102958,0.9628530025102957,0.9628530025102957,gradient_boosting_multilabel
8505,0,1,0.0185734987448521,0.9814265012551479,0.9628530025102958,0.9628530025102957,0.9628530025102957,gradient_boosting_multilabel
8572,0,1,0.0185734987448521,0.9814265012551479,0.9628530025102958,0.9628530025102957,0.9628530025102957,gradient_boosting_multilabel
8615,0,1,0.0185734987448521,0.9814265012551479,0.9628530025102958,0.9628530025102957,0.9628530025102957,gradient_boosting_multilabel
8661,0,1,0.0185734987448521,0.9814265012551479,0.9628530025102958,0.9628530025102957,0.9628530025102957,gradient_boosting_multilabel
8671,0,1,0.0185734987448521,0.9814265012551479,0.9628530025102958,0.9628530025102957,0.9628530025102957,gradient_boosting_multilabel
8686,0,1,0.0185734987448521,0.9814265012551479,0.9628530025102958,0.9628530025102957,0.9628530025102957,gradient_boosting_multilabel
8698,0,1,0.0185734987448521,0.9814265012551479,0.9628530025102958,0.9628530025102957,0.9628530025102957,gradient_boosting_multilabel
8733,0,1,0.0185734987448521,0.9814265012551479,0.9628530025102958,0.9628530025102957,0.9628530025102957,gradient_boosting_multilabel
8934,0,1,0.0185734987448521,0.9814265012551479,0.9628530025102958,0.9628530025102957,0.9628530025102957,gradient_boosting_multilabel
9158,0,1,0.0185734987448521,0.9814265012551479,0.9628530025102958,0.9628530025102957,0.9628530025102957,gradient_boosting_multilabel
9197,0,1,0.0185734987448521,0.9814265012551479,0.9628530025102958,0.9628530025102957,0.9628530025102957,gradient_boosting_multilabel
9215,0,1,0.0185734987448521,0.9814265012551479,0.9628530025102958,0.9628530025102957,0.9628530025102957,gradient_boosting_multilabel
9238,0,1,0.0185734987448521,0.9814265012551479,0.9628530025102958,0.9628530025102957,0.9628530025102957,gradient_boosting_multilabel
9308,0,1,0.0185734987448521,0.9814265012551479,0.9628530025102958,0.9628530025102957,0.9628530025102957,gradient_boosting_multilabel
9313,0,1,0.0185734987448521,0.9814265012551479,0.9628530025102958,0.9628530025102957,0.9628530025102957,gradient_boosting_multilabel
9338,0,1,0.0185734987448521,0.9814265012551479,0.9628530025102958,0.9628530025102957,0.9628530025102957,gradient_boosting_multilabel
9348,0,1,0.0185734987448521,0.9814265012551479,0.9628530025102958,0.9628530025102957,0.9628530025102957,gradient_boosting_multilabel
9441,0,1,0.0185734987448521,0.9814265012551479,0.9628530025102958,0.9628530025102957,0.9628530025102957,gradient_boosting_multilabel
9446,0,1,0.0185734987448521,0.9814265012551479,0.9628530025102958,0.9628530025102957,0.9628530025102957,gradient_boosting_multilabel
9447,0,1,0.04350493503940371,0.9564950649605963,0.9129901299211926,0.9129901299211927,0.9129901299211926,gradient_boosting_multilabel
9476,0,1,0.0185734987448521,0.9814265012551479,0.9628530025102958,0.9628530025102957,0.9628530025102957,gradient_boosting_multilabel
9493,0,1,0.0185734987448521,0.9814265012551479,0.9628530025102958,0.9628530025102957,0.9628530025102957,gradient_boosting_multilabel
9498,0,1,0.0185734987448521,0.9814265012551479,0.9628530025102958,0.9628530025102957,0.9628530025102957,gradient_boosting_multilabel
9530,0,1,0.0185734987448521,0.9814265012551479,0.9628530025102958,0.9628530025102957,0.9628530025102957,gradient_boosting_multilabel
9540,0,1,0.0185734987448521,0.9814265012551479,0.9628530025102958,0.9628530025102957,0.9628530025102957,gradient_boosting_multilabel
9568,0,1,0.0185734987448521,0.9814265012551479,0.9628530025102958,0.9628530025102957,0.9628530025102957,gradient_boosting_multilabel
9569,0,1,0.04350493503940371,0.9564950649605963,0.9129901299211926,0.9129901299211927,0.9129901299211926,gradient_boosting_multilabel
9580,0,1,0.0185734987448521,0.9814265012551479,0.9628530025102958,0.9628530025102957,0.9628530025102957,gradient_boosting_multilabel
9677,0,1,0.0185734987448521,0.9814265012551479,0.9628530025102958,0.9628530025102957,0.9628530025102957,gradient_boosting_multilabel
9678,0,1,0.04350493503940371,0.9564950649605963,0.9129901299211926,0.9129901299211927,0.9129901299211926,gradient_boosting_multilabel
9689,0,1,0.0185734987448521,0.9814265012551479,0.9628530025102958,0.9628530025102957,0.9628530025102957,gradient_boosting_multilabel
9690,0,1,0.04350493503940371,0.9564950649605963,0.9129901299211926,0.9129901299211927,0.9129901299211926,gradient_boosting_multilabel
9711,0,1,0.0185734987448521,0.9814265012551479,0.9628530025102958,0.9628530025102957,0.9628530025102957,gradient_boosting_multilabel
9735,0,1,0.0185734987448521,0.9814265012551479,0.9628530025102958,0.9628530025102957,0.9628530025102957,gradient_boosting_multilabel
9758,0,1,0.0185734987448521,0.9814265012551479,0.9628530025102958,0.9628530025102957,0.9628530025102957,gradient_boosting_multilabel
9891,0,1,0.0185734987448521,0.9814265012551479,0.9628530025102958,0.9628530025102957,0.9628530025102957,gradient_boosting_multilabel
9942,0,1,0.0185734987448521,0.9814265012551479,0.9628530025102958,0.9628530025102957,0.9628530025102957,gradient_boosting_multilabel
9947,0,1,0.0185734987448521,0.9814265012551479,0.9628530025102958,0.9628530025102957,0.9628530025102957,gradient_boosting_multilabel
9969,0,1,0.0185734987448521,0.9814265012551479,0.9628530025102958,0.9628530025102957,0.9628530025102957,gradient_boosting_multilabel
9987,0,1,0.0185734987448521,0.9814265012551479,0.9628530025102958,0.9628530025102957,0.9628530025102957,gradient_boosting_multilabel
10125,0,1,0.0185734987448521,0.9814265012551479,0.9628530025102958,0.9628530025102957,0.9628530025102957,gradient_boosting_multilabel
10140,0,1,0.0185734987448521,0.9814265012551479,0.9628530025102958,0.9628530025102957,0.9628530025102957,gradient_boosting_multilabel
10180,0,1,0.0185734987448521,0.9814265012551479,0.9628530025102958,0.9628530025102957,0.9628530025102957,gradient_boosting_multilabel
10195,0,1,0.0185734987448521,0.9814265012551479,0.9628530025102958,0.9628530025102957,0.9628530025102957,gradient_boosting_multilabel
10226,0,1,0.0185734987448521,0.9814265012551479,0.9628530025102958,0.9628530025102957,0.9628530025102957,gradient_boosting_multilabel
10267,0,1,0.0185734987448521,0.9814265012551479,0.9628530025102958,0.9628530025102957,0.9628530025102957,gradient_boosting_multilabel
10281,0,1,0.0185734987448521,0.9814265012551479,0.9628530025102958,0.9628530025102957,0.9628530025102957,gradient_boosting_multilabel
10313,0,1,0.0185734987448521,0.9814265012551479,0.9628530025102958,0.9628530025102957,0.9628530025102957,gradient_boosting_multilabel
10333,0,1,0.0185734987448521,0.9814265012551479,0.9628530025102958,0.9628530025102957,0.9628530025102957,gradient_boosting_multilabel
10353,0,1,0.0185734987448521,0.9814265012551479,0.9628530025102958,0.9628530025102957,0.9628530025102957,gradient_boosting_multilabel
10387,0,1,0.0185734987448521,0.9814265012551479,0.9628530025102958,0.9628530025102957,0.9628530025102957,gradient_boosting_multilabel
10480,0,1,0.0185734987448521,0.9814265012551479,0.9628530025102958,0.9628530025102957,0.9628530025102957,gradient_boosting_multilabel
10489,0,1,0.0185734987448521,0.9814265012551479,0.9628530025102958,0.9628530025102957,0.9628530025102957,gradient_boosting_multilabel
10517,0,1,0.0185734987448521,0.9814265012551479,0.9628530025102958,0.9628530025102957,0.9628530025102957,gradient_boosting_multilabel
10530,0,1,0.0185734987448521,0.9814265012551479,0.9628530025102958,0.9628530025102957,0.9628530025102957,gradient_boosting_multilabel
10623,0,1,0.0185734987448521,0.9814265012551479,0.9628530025102958,0.9628530025102957,0.9628530025102957,gradient_boosting_multilabel
10628,0,1,0.0185734987448521,0.9814265012551479,0.9628530025102958,0.9628530025102957,0.9628530025102957,gradient_boosting_multilabel
10662,0,1,0.0185734987448521,0.9814265012551479,0.9628530025102958,0.9628530025102957,0.9628530025102957,gradient_boosting_multilabel
10671,0,1,0.0185734987448521,0.9814265012551479,0.9628530025102958,0.9628530025102957,0.9628530025102957,gradient_boosting_multilabel
10715,0,1,0.0185734987448521,0.9814265012551479,0.9628530025102958,0.9628530025102957,0.9628530025102957,gradient_boosting_multilabel
10725,0,1,0.0185734987448521,0.9814265012551479,0.9628530025102958,0.9628530025102957,0.9628530025102957,gradient_boosting_multilabel
10770,0,1,0.0185734987448521,0.9814265012551479,0.9628530025102958,0.9628530025102957,0.9628530025102957,gradient_boosting_multilabel
10885,0,1,0.0185734987448521,0.9814265012551479,0.9628530025102958,0.9628530025102957,0.9628530025102957,gradient_boosting_multilabel
10895,0,1,0.0185734987448521,0.9814265012551479,0.9628530025102958,0.9628530025102957,0.9628530025102957,gradient_boosting_multilabel
10919,0,1,0.0185734987448521,0.9814265012551479,0.9628530025102958,0.9628530025102957,0.9628530025102957,gradient_boosting_multilabel
10933,0,1,0.0185734987448521,0.9814265012551479,0.9628530025102958,0.9628530025102957,0.9628530025102957,gradient_boosting_multilabel
10949,0,1,0.0185734987448521,0.9814265012551479,0.9628530025102958,0.9628530025102957,0.9628530025102957,gradient_boosting_multilabel
11018,0,1,0.0185734987448521,0.9814265012551479,0.9628530025102958,0.9628530025102957,0.9628530025102957,gradient_boosting_multilabel
11031,0,1,0.0185734987448521,0.9814265012551479,0.9628530025102958,0.9628530025102957,0.9628530025102957,gradient_boosting_multilabel
11044,0,1,0.0185734987448521,0.9814265012551479,0.9628530025102958,0.9628530025102957,0.9628530025102957,gradient_boosting_multilabel
11059,0,1,0.0185734987448521,0.9814265012551479,0.9628530025102958,0.9628530025102957,0.9628530025102957,gradient_boosting_multilabel
11060,0,1,0.04350493503940371,0.9564950649605963,0.9129901299211926,0.9129901299211927,0.9129901299211926,gradient_boosting_multilabel
11069,0,1,0.0185734987448521,0.9814265012551479,0.9628530025102958,0.9628530025102957,0.9628530025102957,gradient_boosting_multilabel
11070,0,1,0.04350493503940371,0.9564950649605963,0.9129901299211926,0.9129901299211927,0.9129901299211926,gradient_boosting_multilabel
11444,0,1,0.0185734987448521,0.9814265012551479,0.9628530025102958,0.9628530025102957,0.9628530025102957,gradient_boosting_multilabel
11474,0,1,0.0185734987448521,0.9814265012551479,0.9628530025102958,0.9628530025102957,0.9628530025102957,gradient_boosting_multilabel
11483,0,1,0.0185734987448521,0.9814265012551479,0.9628530025102958,0.9628530025102957,0.9628530025102957,gradient_boosting_multilabel
11532,0,1,0.0185734987448521,0.9814265012551479,0.9628530025102958,0.9628530025102957,0.9628530025102957,gradient_boosting_multilabel
11537,0,1,0.0185734987448521,0.9814265012551479,0.9628530025102958,0.9628530025102957,0.9628530025102957,gradient_boosting_multilabel
11559,0,1,0.0185734987448521,0.9814265012551479,0.9628530025102958,0.9628530025102957,0.9628530025102957,gradient_boosting_multilabel
11569,0,1,0.0185734987448521,0.9814265012551479,0.9628530025102958,0.9628530025102957,0.9628530025102957,gradient_boosting_multilabel
11599,0,1,0.0185734987448521,0.9814265012551479,0.9628530025102958,0.9628530025102957,0.9628530025102957,gradient_boosting_multilabel
11604,0,1,0.0185734987448521,0.9814265012551479,0.9628530025102958,0.9628530025102957,0.9628530025102957,gradient_boosting_multilabel
11689,0,1,0.0185734987448521,0.9814265012551479,0.9628530025102958,0.9628530025102957,0.9628530025102957,gradient_boosting_multilabel
11694,0,1,0.0185734987448521,0.9814265012551479,0.9628530025102958,0.9628530025102957,0.9628530025102957,gradient_boosting_multilabel
11699,0,1,0.0185734987448521,0.9814265012551479,0.9628530025102958,0.9628530025102957,0.9628530025102957,gradient_boosting_multilabel
11700,0,1,0.04350493503940371,0.9564950649605963,0.9129901299211926,0.9129901299211927,0.9129901299211926,gradient_boosting_multilabel
11723,0,1,0.0185734987448521,0.9814265012551479,0.9628530025102958,0.9628530025102957,0.9628530025102957,gradient_boosting_multilabel
11738,0,1,0.0185734987448521,0.9814265012551479,0.9628530025102958,0.9628530025102957,0.9628530025102957,gradient_boosting_multilabel
11739,0,1,0.04350493503940371,0.9564950649605963,0.9129901299211926,0.9129901299211927,0.9129901299211926,gradient_boosting_multilabel
11787,0,1,0.0185734987448521,0.9814265012551479,0.9628530025102958,0.9628530025102957,0.9628530025102957,gradient_boosting_multilabel
11816,0,1,0.0185734987448521,0.9814265012551479,0.9628530025102958,0.9628530025102957,0.9628530025102957,gradient_boosting_multilabel
11831,0,1,0.0185734987448521,0.9814265012551479,0.9628530025102958,0.9628530025102957,0.9628530025102957,gradient_boosting_multilabel
11856,0,1,0.0185734987448521,0.9814265012551479,0.9628530025102958,0.9628530025102957,0.9628530025102957,gradient_boosting_multilabel
11861,0,1,0.0185734987448521,0.9814265012551479,0.9628530025102958,0.9628530025102957,0.9628530025102957,gradient_boosting_multilabel
11870,0,1,0.0185734987448521,0.9814265012551479,0.9628530025102958,0.9628530025102957,0.9628530025102957,gradient_boosting_multilabel
11878,0,1,0.0185734987448521,0.9814265012551479,0.9628530025102958,0.9628530025102957,0.9628530025102957,gradient_boosting_multilabel
11879,0,1,0.04350493503940371,0.9564950649605963,0.9129901299211926,0.9129901299211927,0.9129901299211926,gradient_boosting_multilabel
11912,0,1,0.0185734987448521,0.9814265012551479,0.9628530025102958,0.9628530025102957,0.9628530025102957,gradient_boosting_multilabel
11958,0,1,0.0185734987448521,0.9814265012551479,0.9628530025102958,0.9628530025102957,0.9628530025102957,gradient_boosting_multilabel
11963,0,1,0.0185734987448521,0.9814265012551479,0.9628530025102958,0.9628530025102957,0.9628530025102957,gradient_boosting_multilabel
12001,0,1,0.0185734987448521,0.9814265012551479,0.9628530025102958,0.9628530025102957,0.9628530025102957,gradient_boosting_multilabel
12002,0,1,0.04350493503940371,0.9564950649605963,0.9129901299211926,0.9129901299211927,0.9129901299211926,gradient_boosting_multilabel
12055,0,1,0.0185734987448521,0.9814265012551479,0.9628530025102958,0.9628530025102957,0.9628530025102957,gradient_boosting_multilabel
12072,0,1,0.0185734987448521,0.9814265012551479,0.9628530025102958,0.9628530025102957,0.9628530025102957,gradient_boosting_multilabel
12081,0,1,0.0185734987448521,0.9814265012551479,0.9628530025102958,0.9628530025102957,0.9628530025102957,gradient_boosting_multilabel
12086,0,1,0.0185734987448521,0.9814265012551479,0.9628530025102958,0.9628530025102957,0.9628530025102957,gradient_boosting_multilabel
12159,0,1,0.0185734987448521,0.9814265012551479,0.9628530025102958,0.9628530025102957,0.9628530025102957,gradient_boosting_multilabel
12168,0,1,0.0185734987448521,0.9814265012551479,0.9628530025102958,0.9628530025102957,0.9628530025102957,gradient_boosting_multilabel
12200,0,1,0.0185734987448521,0.9814265012551479,0.9628530025102958,0.9628530025102957,0.9628530025102957,gradient_boosting_multilabel
12242,0,1,0.0185734987448521,0.9814265012551479,0.9628530025102958,0.9628530025102957,0.9628530025102957,gradient_boosting_multilabel
12251,0,1,0.0185734987448521,0.9814265012551479,0.9628530025102958,0.9628530025102957,0.9628530025102957,gradient_boosting_multilabel
12266,0,1,0.0185734987448521,0.9814265012551479,0.9628530025102958,0.9628530025102957,0.9628530025102957,gradient_boosting_multilabel
12276,0,1,0.0185734987448521,0.9814265012551479,0.9628530025102958,0.9628530025102957,0.9628530025102957,gradient_boosting_multilabel
12295,0,1,0.0185734987448521,0.9814265012551479,0.9628530025102958,0.9628530025102957,0.9628530025102957,gradient_boosting_multilabel
12481,0,1,0.0185734987448521,0.9814265012551479,0.9628530025102958,0.9628530025102957,0.9628530025102957,gradient_boosting_multilabel
12495,0,1,0.0185734987448521,0.9814265012551479,0.9628530025102958,0.9628530025102957,0.9628530025102957,gradient_boosting_multilabel
12524,0,1,0.0185734987448521,0.9814265012551479,0.9628530025102958,0.9628530025102957,0.9628530025102957,gradient_boosting_multilabel
12622,0,1,0.0185734987448521,0.9814265012551479,0.9628530025102958,0.9628530025102957,0.9628530025102957,gradient_boosting_multilabel
12637,0,1,0.0185734987448521,0.9814265012551479,0.9628530025102958,0.9628530025102957,0.9628530025102957,gradient_boosting_multilabel
12661,0,1,0.0185734987448521,0.9814265012551479,0.9628530025102958,0.9628530025102957,0.9628530025102957,gradient_boosting_multilabel
12688,0,1,0.0185734987448521,0.9814265012551479,0.9628530025102958,0.9628530025102957,0.9628530025102957,gradient_boosting_multilabel
12693,0,1,0.0185734987448521,0.9814265012551479,0.9628530025102958,0.9628530025102957,0.9628530025102957,gradient_boosting_multilabel
12698,0,1,0.0185734987448521,0.9814265012551479,0.9628530025102958,0.9628530025102957,0.9628530025102957,gradient_boosting_multilabel
12711,0,1,0.0185734987448521,0.9814265012551479,0.9628530025102958,0.9628530025102957,0.9628530025102957,gradient_boosting_multilabel
12712,0,1,0.04350493503940371,0.9564950649605963,0.9129901299211926,0.9129901299211927,0.9129901299211926,gradient_boosting_multilabel
12754,0,1,0.0185734987448521,0.9814265012551479,0.9628530025102958,0.9628530025102957,0.9628530025102957,gradient_boosting_multilabel
12764,0,1,0.0185734987448521,0.9814265012551479,0.9628530025102958,0.9628530025102957,0.9628530025102957,gradient_boosting_multilabel
12784,0,1,0.0185734987448521,0.9814265012551479,0.9628530025102958,0.9628530025102957,0.9628530025102957,gradient_boosting_multilabel
12801,0,1,0.0185734987448521,0.9814265012551479,0.9628530025102958,0.9628530025102957,0.9628530025102957,gradient_boosting_multilabel
12806,0,1,0.0185734987448521,0.9814265012551479,0.9628530025102958,0.9628530025102957,0.9628530025102957,gradient_boosting_multilabel
12906,0,1,0.0185734987448521,0.9814265012551479,0.9628530025102958,0.9628530025102957,0.9628530025102957,gradient_boosting_multilabel
12954,0,1,0.0185734987448521,0.9814265012551479,0.9628530025102958,0.9628530025102957,0.9628530025102957,gradient_boosting_multilabel
13214,0,1,0.0185734987448521,0.9814265012551479,0.9628530025102958,0.9628530025102957,0.9628530025102957,gradient_boosting_multilabel
13242,0,1,0.0185734987448521,0.9814265012551479,0.9628530025102958,0.9628530025102957,0.9628530025102957,gradient_boosting_multilabel
13247,0,1,0.0185734987448521,0.9814265012551479,0.9628530025102958,0.9628530025102957,0.9628530025102957,gradient_boosting_multilabel
13279,0,1,0.0185734987448521,0.9814265012551479,0.9628530025102958,0.9628530025102957,0.9628530025102957,gradient_boosting_multilabel
13370,0,1,0.0185734987448521,0.9814265012551479,0.9628530025102958,0.9628530025102957,0.9628530025102957,gradient_boosting_multilabel
13380,0,1,0.0185734987448521,0.9814265012551479,0.9628530025102958,0.9628530025102957,0.9628530025102957,gradient_boosting_multilabel
13400,0,1,0.0185734987448521,0.9814265012551479,0.9628530025102958,0.9628530025102957,0.9628530025102957,gradient_boosting_multilabel
13410,0,1,0.0185734987448521,0.9814265012551479,0.9628530025102958,0.9628530025102957,0.9628530025102957,gradient_boosting_multilabel
13415,0,1,0.0185734987448521,0.9814265012551479,0.9628530025102958,0.9628530025102957,0.9628530025102957,gradient_boosting_multilabel
13641,0,1,0.0185734987448521,0.9814265012551479,0.9628530025102958,0.9628530025102957,0.9628530025102957,gradient_boosting_multilabel
13655,0,1,0.0185734987448521,0.9814265012551479,0.9628530025102958,0.9628530025102957,0.9628530025102957,gradient_boosting_multilabel
13660,0,1,0.0185734987448521,0.9814265012551479,0.9628530025102958,0.9628530025102957,0.9628530025102957,gradient_boosting_multilabel
13670,0,1,0.0185734987448521,0.9814265012551479,0.9628530025102958,0.9628530025102957,0.9628530025102957,gradient_boosting_multilabel
13684,0,1,0.0185734987448521,0.9814265012551479,0.9628530025102958,0.9628530025102957,0.9628530025102957,gradient_boosting_multilabel
13710,0,1,0.0185734987448521,0.9814265012551479,0.9628530025102958,0.9628530025102957,0.9628530025102957,gradient_boosting_multilabel
13824,0,1,0.0185734987448521,0.9814265012551479,0.9628530025102958,0.9628530025102957,0.9628530025102957,gradient_boosting_multilabel
13851,0,1,0.0185734987448521,0.9814265012551479,0.9628530025102958,0.9628530025102957,0.9628530025102957,gradient_boosting_multilabel
13899,0,1,0.0185734987448521,0.9814265012551479,0.9628530025102958,0.9628530025102957,0.9628530025102957,gradient_boosting_multilabel
13914,0,1,0.0185734987448521,0.9814265012551479,0.9628530025102958,0.9628530025102957,0.9628530025102957,gradient_boosting_multilabel
13915,0,1,0.04350493503940371,0.9564950649605963,0.9129901299211926,0.9129901299211927,0.9129901299211926,gradient_boosting_multilabel
13920,0,1,0.0185734987448521,0.9814265012551479,0.9628530025102958,0.9628530025102957,0.9628530025102957,gradient_boosting_multilabel
13962,0,1,0.0185734987448521,0.9814265012551479,0.9628530025102958,0.9628530025102957,0.9628530025102957,gradient_boosting_multilabel
14042,0,1,0.0185734987448521,0.9814265012551479,0.9628530025102958,0.9628530025102957,0.9628530025102957,gradient_boosting_multilabel
14047,0,1,0.0185734987448521,0.9814265012551479,0.9628530025102958,0.9628530025102957,0.9628530025102957,gradient_boosting_multilabel
14072,0,1,0.0185734987448521,0.9814265012551479,0.9628530025102958,0.9628530025102957,0.9628530025102957,gradient_boosting_multilabel
14082,0,1,0.0185734987448521,0.9814265012551479,0.9628530025102958,0.9628530025102957,0.9628530025102957,gradient_boosting_multilabel
14087,0,1,0.0185734987448521,0.9814265012551479,0.9628530025102958,0.9628530025102957,0.9628530025102957,gradient_boosting_multilabel
14112,0,1,0.0185734987448521,0.9814265012551479,0.9628530025102958,0.9628530025102957,0.9628530025102957,gradient_boosting_multilabel
14189,0,1,0.0185734987448521,0.9814265012551479,0.9628530025102958,0.9628530025102957,0.9628530025102957,gradient_boosting_multilabel
14190,0,1,0.04350493503940371,0.9564950649605963,0.9129901299211926,0.9129901299211927,0.9129901299211926,gradient_boosting_multilabel
14398,0,1,0.0185734987448521,0.9814265012551479,0.9628530025102958,0.9628530025102957,0.9628530025102957,gradient_boosting_multilabel
14472,0,1,0.0185734987448521,0.9814265012551479,0.9628530025102958,0.9628530025102957,0.9628530025102957,gradient_boosting_multilabel
14504,0,1,0.0185734987448521,0.9814265012551479,0.9628530025102958,0.9628530025102957,0.9628530025102957,gradient_boosting_multilabel
14528,0,1,0.0185734987448521,0.9814265012551479,0.9628530025102958,0.9628530025102957,0.9628530025102957,gradient_boosting_multilabel
14551,0,1,0.0185734987448521,0.9814265012551479,0.9628530025102958,0.9628530025102957,0.9628530025102957,gradient_boosting_multilabel
14569,0,1,0.0185734987448521,0.9814265012551479,0.9628530025102958,0.9628530025102957,0.9628530025102957,gradient_boosting_multilabel
14719,0,1,0.0185734987448521,0.9814265012551479,0.9628530025102958,0.9628530025102957,0.9628530025102957,gradient_boosting_multilabel
14724,0,1,0.0185734987448521,0.9814265012551479,0.9628530025102958,0.9628530025102957,0.9628530025102957,gradient_boosting_multilabel
14734,0,1,0.0185734987448521,0.9814265012551479,0.9628530025102958,0.9628530025102957,0.9628530025102957,gradient_boosting_multilabel
14744,0,1,0.0185734987448521,0.9814265012551479,0.9628530025102958,0.9628530025102957,0.9628530025102957,gradient_boosting_multilabel
14759,0,1,0.0185734987448521,0.9814265012551479,0.9628530025102958,0.9628530025102957,0.9628530025102957,gradient_boosting_multilabel
14764,0,1,0.0185734987448521,0.9814265012551479,0.9628530025102958,0.9628530025102957,0.9628530025102957,gradient_boosting_multilabel
14783,0,1,0.0185734987448521,0.9814265012551479,0.9628530025102958,0.9628530025102957,0.9628530025102957,gradient_boosting_multilabel
14788,0,1,0.0185734987448521,0.9814265012551479,0.9628530025102958,0.9628530025102957,0.9628530025102957,gradient_boosting_multilabel
14803,0,1,0.0185734987448521,0.9814265012551479,0.9628530025102958,0.9628530025102957,0.9628530025102957,gradient_boosting_multilabel
14829,0,1,0.0185734987448521,0.9814265012551479,0.9628530025102958,0.9628530025102957,0.9628530025102957,gradient_boosting_multilabel
14834,0,1,0.0185734987448521,0.9814265012551479,0.9628530025102958,0.9628530025102957,0.9628530025102957,gradient_boosting_multilabel
14839,0,1,0.0185734987448521,0.9814265012551479,0.9628530025102958,0.9628530025102957,0.9628530025102957,gradient_boosting_multilabel
14896,0,1,0.0185734987448521,0.9814265012551479,0.9628530025102958,0.9628530025102957,0.9628530025102957,gradient_boosting_multilabel
14904,0,1,0.0185734987448521,0.9814265012551479,0.9628530025102958,0.9628530025102957,0.9628530025102957,gradient_boosting_multilabel
14943,0,1,0.0185734987448521,0.9814265012551479,0.9628530025102958,0.9628530025102957,0.9628530025102957,gradient_boosting_multilabel
14944,0,1,0.04350493503940371,0.9564950649605963,0.9129901299211926,0.9129901299211927,0.9129901299211926,gradient_boosting_multilabel
15367,0,1,0.0185734987448521,0.9814265012551479,0.9628530025102958,0.9628530025102957,0.9628530025102957,gradient_boosting_multilabel
15408,0,1,0.0185734987448521,0.9814265012551479,0.9628530025102958,0.9628530025102957,0.9628530025102957,gradient_boosting_multilabel
15433,0,1,0.0185734987448521,0.9814265012551479,0.9628530025102958,0.9628530025102957,0.9628530025102957,gradient_boosting_multilabel
15511,0,1,0.0185734987448521,0.9814265012551479,0.9628530025102958,0.9628530025102957,0.9628530025102957,gradient_boosting_multilabel
15512,0,1,0.04350493503940371,0.9564950649605963,0.9129901299211926,0.9129901299211927,0.9129901299211926,gradient_boosting_multilabel
15546,0,1,0.0185734987448521,0.9814265012551479,0.9628530025102958,0.9628530025102957,0.9628530025102957,gradient_boosting_multilabel
15607,0,1,0.0185734987448521,0.9814265012551479,0.9628530025102958,0.9628530025102957,0.9628530025102957,gradient_boosting_multilabel
15612,0,1,0.0185734987448521,0.9814265012551479,0.9628530025102958,0.9628530025102957,0.9628530025102957,gradient_boosting_multilabel
15617,0,1,0.0185734987448521,0.9814265012551479,0.9628530025102958,0.9628530025102957,0.9628530025102957,gradient_boosting_multilabel
15653,0,1,0.0185734987448521,0.9814265012551479,0.9628530025102958,0.9628530025102957,0.9628530025102957,gradient_boosting_multilabel
15692,0,1,0.0185734987448521,0.9814265012551479,0.9628530025102958,0.9628530025102957,0.9628530025102957,gradient_boosting_multilabel
15776,0,1,0.0185734987448521,0.9814265012551479,0.9628530025102958,0.9628530025102957,0.9628530025102957,gradient_boosting_multilabel
15789,0,1,0.0185734987448521,0.9814265012551479,0.9628530025102958,0.9628530025102957,0.9628530025102957,gradient_boosting_multilabel
15799,0,1,0.0185734987448521,0.9814265012551479,0.9628530025102958,0.9628530025102957,0.9628530025102957,gradient_boosting_multilabel
15815,0,1,0.0185734987448521,0.9814265012551479,0.9628530025102958,0.9628530025102957,0.9628530025102957,gradient_boosting_multilabel
15863,0,1,0.0185734987448521,0.9814265012551479,0.9628530025102958,0.9628530025102957,0.9628530025102957,gradient_boosting_multilabel
15871,0,1,0.0185734987448521,0.9814265012551479,0.9628530025102958,0.9628530025102957,0.9628530025102957,gradient_boosting_multilabel
15872,0,1,0.04350493503940371,0.9564950649605963,0.9129901299211926,0.9129901299211927,0.9129901299211926,gradient_boosting_multilabel
16417,0,1,0.0185734987448521,0.9814265012551479,0.9628530025102958,0.9628530025102957,0.9628530025102957,gradient_boosting_multilabel
16469,0,1,0.0185734987448521,0.9814265012551479,0.9628530025102958,0.9628530025102957,0.9628530025102957,gradient_boosting_multilabel
16507,0,1,0.0185734987448521,0.9814265012551479,0.9628530025102958,0.9628530025102957,0.9628530025102957,gradient_boosting_multilabel
16521,0,1,0.0185734987448521,0.9814265012551479,0.9628530025102958,0.9628530025102957,0.9628530025102957,gradient_boosting_multilabel
16647,0,1,0.0185734987448521,0.9814265012551479,0.9628530025102958,0.9628530025102957,0.9628530025102957,gradient_boosting_multilabel
16663,0,1,0.0185734987448521,0.9814265012551479,0.9628530025102958,0.9628530025102957,0.9628530025102957,gradient_boosting_multilabel
16668,0,1,0.0185734987448521,0.9814265012551479,0.9628530025102958,0.9628530025102957,0.9628530025102957,gradient_boosting_multilabel
16683,0,1,0.0185734987448521,0.9814265012551479,0.9628530025102958,0.9628530025102957,0.9628530025102957,gradient_boosting_multilabel
16732,0,1,0.0185734987448521,0.9814265012551479,0.9628530025102958,0.9628530025102957,0.9628530025102957,gradient_boosting_multilabel
16737,0,1,0.0185734987448521,0.9814265012551479,0.9628530025102958,0.9628530025102957,0.9628530025102957,gradient_boosting_multilabel
16789,0,1,0.0185734987448521,0.9814265012551479,0.9628530025102958,0.9628530025102957,0.9628530025102957,gradient_boosting_multilabel
16790,0,1,0.04350493503940371,0.9564950649605963,0.9129901299211926,0.9129901299211927,0.9129901299211926,gradient_boosting_multilabel
16865,0,1,0.0185734987448521,0.9814265012551479,0.9628530025102958,0.9628530025102957,0.9628530025102957,gradient_boosting_multilabel
16885,0,1,0.0185734987448521,0.9814265012551479,0.9628530025102958,0.9628530025102957,0.9628530025102957,gradient_boosting_multilabel
16936,0,1,0.0185734987448521,0.9814265012551479,0.9628530025102958,0.9628530025102957,0.9628530025102957,gradient_boosting_multilabel
16937,0,1,0.04350493503940371,0.9564950649605963,0.9129901299211926,0.9129901299211927,0.9129901299211926,gradient_boosting_multilabel
16973,0,1,0.0185734987448521,0.9814265012551479,0.9628530025102958,0.9628530025102957,0.9628530025102957,gradient_boosting_multilabel
17416,0,1,0.0185734987448521,0.9814265012551479,0.9628530025102958,0.9628530025102957,0.9628530025102957,gradient_boosting_multilabel
17479,0,1,0.0185734987448521,0.9814265012551479,0.9628530025102958,0.9628530025102957,0.9628530025102957,gradient_boosting_multilabel
17558,0,1,0.0185734987448521,0.9814265012551479,0.9628530025102958,0.9628530025102957,0.9628530025102957,gradient_boosting_multilabel
17559,0,1,0.04350493503940371,0.9564950649605963,0.9129901299211926,0.9129901299211927,0.9129901299211926,gradient_boosting_multilabel
17596,0,1,0.0185734987448521,0.9814265012551479,0.9628530025102958,0.9628530025102957,0.9628530025102957,gradient_boosting_multilabel
17605,0,1,0.0185734987448521,0.9814265012551479,0.9628530025102958,0.9628530025102957,0.9628530025102957,gradient_boosting_multilabel
17610,0,1,0.0185734987448521,0.9814265012551479,0.9628530025102958,0.9628530025102957,0.9628530025102957,gradient_boosting_multilabel
17620,0,1,0.0185734987448521,0.9814265012551479,0.9628530025102958,0.9628530025102957,0.9628530025102957,gradient_boosting_multilabel
17621,0,1,0.04350493503940371,0.9564950649605963,0.9129901299211926,0.9129901299211927,0.9129901299211926,gradient_boosting_multilabel
17719,0,1,0.0185734987448521,0.9814265012551479,0.9628530025102958,0.9628530025102957,0.9628530025102957,gradient_boosting_multilabel
17732,0,1,0.0185734987448521,0.9814265012551479,0.9628530025102958,0.9628530025102957,0.9628530025102957,gradient_boosting_multilabel
17737,0,1,0.0185734987448521,0.9814265012551479,0.9628530025102958,0.9628530025102957,0.9628530025102957,gradient_boosting_multilabel
17747,0,1,0.0185734987448521,0.9814265012551479,0.9628530025102958,0.9628530025102957,0.9628530025102957,gradient_boosting_multilabel
17756,0,1,0.0185734987448521,0.9814265012551479,0.9628530025102958,0.9628530025102957,0.9628530025102957,gradient_boosting_multilabel
17774,0,1,0.0185734987448521,0.9814265012551479,0.9628530025102958,0.9628530025102957,0.9628530025102957,gradient_boosting_multilabel
17788,0,1,0.0185734987448521,0.9814265012551479,0.9628530025102958,0.9628530025102957,0.9628530025102957,gradient_boosting_multilabel
17798,0,1,0.0185734987448521,0.9814265012551479,0.9628530025102958,0.9628530025102957,0.9628530025102957,gradient_boosting_multilabel
17808,0,1,0.0185734987448521,0.9814265012551479,0.9628530025102958,0.9628530025102957,0.9628530025102957,gradient_boosting_multilabel
17809,0,1,0.04350493503940371,0.9564950649605963,0.9129901299211926,0.9129901299211927,0.9129901299211926,gradient_boosting_multilabel
17887,0,1,0.0185734987448521,0.9814265012551479,0.9628530025102958,0.9628530025102957,0.9628530025102957,gradient_boosting_multilabel
17895,0,1,0.0185734987448521,0.9814265012551479,0.9628530025102958,0.9628530025102957,0.9628530025102957,gradient_boosting_multilabel
17905,0,1,0.0185734987448521,0.9814265012551479,0.9628530025102958,0.9628530025102957,0.9628530025102957,gradient_boosting_multilabel
17954,0,1,0.0185734987448521,0.9814265012551479,0.9628530025102958,0.9628530025102957,0.9628530025102957,gradient_boosting_multilabel
17979,0,1,0.0185734987448521,0.9814265012551479,0.9628530025102958,0.9628530025102957,0.9628530025102957,gradient_boosting_multilabel
18008,0,1,0.0185734987448521,0.9814265012551479,0.9628530025102958,0.9628530025102957,0.9628530025102957,gradient_boosting_multilabel
18228,0,1,0.0185734987448521,0.9814265012551479,0.9628530025102958,0.9628530025102957,0.9628530025102957,gradient_boosting_multilabel
18247,0,1,0.0185734987448521,0.9814265012551479,0.9628530025102958,0.9628530025102957,0.9628530025102957,gradient_boosting_multilabel
18294,0,1,0.0185734987448521,0.9814265012551479,0.9628530025102958,0.9628530025102957,0.9628530025102957,gradient_boosting_multilabel
18312,0,1,0.0185734987448521,0.9814265012551479,0.9628530025102958,0.9628530025102957,0.9628530025102957,gradient_boosting_multilabel
18356,0,1,0.0185734987448521,0.9814265012551479,0.9628530025102958,0.9628530025102957,0.9628530025102957,gradient_boosting_multilabel
18357,0,1,0.04350493503940371,0.9564950649605963,0.9129901299211926,0.9129901299211927,0.9129901299211926,gradient_boosting_multilabel
18382,0,1,0.0185734987448521,0.9814265012551479,0.9628530025102958,0.9628530025102957,0.9628530025102957,gradient_boosting_multilabel
18416,0,1,0.0185734987448521,0.9814265012551479,0.9628530025102958,0.9628530025102957,0.9628530025102957,gradient_boosting_multilabel
18421,0,1,0.0185734987448521,0.9814265012551479,0.9628530025102958,0.9628530025102957,0.9628530025102957,gradient_boosting_multilabel
18422,0,1,0.04350493503940371,0.9564950649605963,0.9129901299211926,0.9129901299211927,0.9129901299211926,gradient_boosting_multilabel
18427,0,1,0.0185734987448521,0.9814265012551479,0.9628530025102958,0.9628530025102957,0.9628530025102957,gradient_boosting_multilabel
18472,0,1,0.0185734987448521,0.9814265012551479,0.9628530025102958,0.9628530025102957,0.9628530025102957,gradient_boosting_multilabel
18536,0,1,0.0185734987448521,0.9814265012551479,0.9628530025102958,0.9628530025102957,0.9628530025102957,gradient_boosting_multilabel
18537,0,1,0.04350493503940371,0.9564950649605963,0.9129901299211926,0.9129901299211927,0.9129901299211926,gradient_boosting_multilabel
18568,0,1,0.0185734987448521,0.9814265012551479,0.9628530025102958,0.9628530025102957,0.9628530025102957,gradient_boosting_multilabel
18582,0,1,0.0185734987448521,0.9814265012551479,0.9628530025102958,0.9628530025102957,0.9628530025102957,gradient_boosting_multilabel
18704,0,1,0.0185734987448521,0.9814265012551479,0.9628530025102958,0.9628530025102957,0.9628530025102957,gradient_boosting_multilabel
18723,0,1,0.0185734987448521,0.9814265012551479,0.9628530025102958,0.9628530025102957,0.9628530025102957,gradient_boosting_multilabel
18742,0,1,0.0185734987448521,0.9814265012551479,0.9628530025102958,0.9628530025102957,0.9628530025102957,gradient_boosting_multilabel
18790,0,1,0.0185734987448521,0.9814265012551479,0.9628530025102958,0.9628530025102957,0.9628530025102957,gradient_boosting_multilabel
18819,0,1,0.0185734987448521,0.9814265012551479,0.9628530025102958,0.9628530025102957,0.9628530025102957,gradient_boosting_multilabel
19089,0,1,0.0185734987448521,0.9814265012551479,0.9628530025102958,0.9628530025102957,0.9628530025102957,gradient_boosting_multilabel
19103,0,1,0.0185734987448521,0.9814265012551479,0.9628530025102958,0.9628530025102957,0.9628530025102957,gradient_boosting_multilabel
19123,0,1,0.0185734987448521,0.9814265012551479,0.9628530025102958,0.9628530025102957,0.9628530025102957,gradient_boosting_multilabel
19128,0,1,0.0185734987448521,0.9814265012551479,0.9628530025102958,0.9628530025102957,0.9628530025102957,gradient_boosting_multilabel
19138,0,1,0.0185734987448521,0.9814265012551479,0.9628530025102958,0.9628530025102957,0.9628530025102957,gradient_boosting_multilabel
19148,0,1,0.0185734987448521,0.9814265012551479,0.9628530025102958,0.9628530025102957,0.9628530025102957,gradient_boosting_multilabel
19195,0,1,0.0185734987448521,0.9814265012551479,0.9628530025102958,0.9628530025102957,0.9628530025102957,gradient_boosting_multilabel
19255,0,1,0.0185734987448521,0.9814265012551479,0.9628530025102958,0.9628530025102957,0.9628530025102957,gradient_boosting_multilabel
19256,0,1,0.04350493503940371,0.9564950649605963,0.9129901299211926,0.9129901299211927,0.9129901299211926,gradient_boosting_multilabel
19276,0,1,0.0185734987448521,0.9814265012551479,0.9628530025102958,0.9628530025102957,0.9628530025102957,gradient_boosting_multilabel
19344,0,1,0.0185734987448521,0.9814265012551479,0.9628530025102958,0.9628530025102957,0.9628530025102957,gradient_boosting_multilabel
19345,0,1,0.04350493503940371,0.9564950649605963,0.9129901299211926,0.9129901299211927,0.9129901299211926,gradient_boosting_multilabel
19367,0,1,0.0185734987448521,0.9814265012551479,0.9628530025102958,0.9628530025102957,0.9628530025102957,gradient_boosting_multilabel
19390,0,1,0.0185734987448521,0.9814265012551479,0.9628530025102958,0.9628530025102957,0.9628530025102957,gradient_boosting_multilabel
19436,0,1,0.0185734987448521,0.9814265012551479,0.9628530025102958,0.9628530025102957,0.9628530025102957,gradient_boosting_multilabel
